search_frequency_rank,search_query_volume
46,262331
76,290298
131,189441
164,140162
212,153265
346,109103
373,94484
378,99763
443,79391
481,89084
504,72301
570,1090831
587,47105
617,89388
637,88643
648,88217
662,67763
732,62056
735,69226
740,89143
750,66588
768,34852
812,32862
827,36945
884,61364
891,64770
893,63919
948,30971
980,40486
983,60038
1020,70448
1022,51723
1038,57077
1127,33064
1218,59783
1234,47071
1261,55686
1266,42915
1268,42128
1274,42552
1290,51271
1385,50685
1424,53456
1446,960303
1448,95808
1602,42164
1684,47076
1711,46352
1715,42622
1739,41370
1790,41078
1983,76730
1986,32804
2005,44378
2019,54593
2044,37313
2073,35925
2111,31409
2119,37517
2181,34175
2247,41046
2286,29037
2384,18511
2395,36541
2396,24220
2427,30584
2477,34038
2565,27508
2583,33832
2593,50043
2610,37755
2616,25376
2679,24617
2701,30258
2723,31312
2755,26547
2779,27393
2819,31223
2821,32439
2833,43903
2911,29083
2982,39845
2998,110301
3002,37582
3016,27041
3064,31930
3240,56656
3247,25554
3342,26189
3367,43375
3448,36483
3488,22603
3528,23044
3549,31001
3701,23732
3715,54069
3722,20908
3826,19421
3842,25168
3994,24814
4107,21019
4123,22009
4152,21093
4202,20541
4261,29592
4285,29660
4318,17949
4327,21746
4332,22297
4367,18293
4380,21442
4389,11547
4392,15361
4402,393622
4411,117800
4457,20676
4519,22989
4526,27651
4570,20528
4597,20270
4619,19608
4799,22870
4832,34728
4878,24260
4900,22021
4971,19703
5023,35623
5027,564224
5047,17326
5087,24950
5315,248092
5316,18990
5329,17660
5524,14039
5533,24339
5681,16985
5682,15380
5701,17470
5703,17351
5925,18670
5969,17299
5988,14118
6031,24779
6033,14685
6105,15760
6125,16242
6163,14124
6175,14339
6205,131068
6212,16293
6215,25941
6234,19632
6250,15997
6272,21682
6310,16694
6328,14707
6333,16226
6367,13147
6472,17972
6550,15727
6668,16497
6746,14291
6837,17333
6847,19828
6961,11108
6995,13613
7028,13887
7100,14872
7134,14543
7177,14700
7311,4277
7314,20657
7333,17225
7365,87721
7366,16472
7406,27501
7450,23486
7503,17835
7686,11538
7705,15424
7708,14768
7725,13772
7743,11537
7794,12734
7894,19643
7995,13959
8064,15071
8095,13175
8239,12798
8269,14182
8319,11782
8381,11647
8560,18271
8588,12881
8679,12243
8734,13911
8833,14475
8904,10177
8982,11639
9034,12838
9037,11494
9079,12662
9114,24853
9202,11630
9218,17314
9249,12070
9309,11559
9332,13732
9353,12379
9410,13136
9580,12209
9606,19841
9691,12495
9903,10143
9913,11630
9993,12196
10050,8918
10051,12192
10122,9527
10246,9285
10346,9561
10415,12829
10431,6340
10495,12697
10530,20459
10710,10316
10739,11554
10775,9687
10795,20032
10811,10375
10848,11940
10933,10028
10960,11705
11124,11265
11171,9271
11236,8827
11340,7603
11345,12266
11570,8893
11600,10152
11609,8152
11617,16713
11693,12856
11701,9825
11708,10313
11917,10206
11920,11318
11937,10274
11996,10362
12026,10708
12074,11476
12129,10165
12425,11203
12426,23968
12440,9426
12454,10530
12460,6923
12480,12015
12610,9143
12724,9871
12733,85206
12843,10709
12862,10200
13139,39919
13301,9087
13313,11975
13342,9142
13437,7639
13451,18876
13454,7069
13517,8187
13524,8672
13526,8338
13544,10960
13546,7595
13582,8513
13661,12065
13781,7421
13790,10582
13886,24212
13895,8763
14035,19139
14153,169245
14164,10491
14295,8173
14412,9799
14456,9215
14511,8288
14650,7935
14882,6659
14991,8553
15080,22314
15132,7876
15148,9776
15170,7931
15201,8037
15212,9719
15338,6938
15396,7327
15418,11500
15423,8557
15443,8862
15475,8364
15488,7161
15590,9844
15611,23848
15676,7689
15699,7303
15725,7491
15762,13262
15851,9804
15911,4945
16044,10351
16070,7468
16147,7411
16157,11371
16163,7695
16229,8683
16354,6676
16426,9812
16507,8348
16598,7727
16779,7232
16816,6920
16846,7385
16897,7546
16909,14784
16962,6148
17287,7299
17396,6815
17497,5968
17507,6835
17529,7659
17647,5834
17653,4568
17658,9839
17773,8793
17807,6452
17869,7933
17902,8420
17924,34440
17930,8851
17963,11576
17967,9994
18193,12274
18209,7569
18314,7119
18385,8901
18404,5189
18469,6540
18479,7148
18692,6849
18762,20201
18969,7728
19006,6968
19092,7282
19167,7223
19176,11246
19179,8473
19185,5333
19191,6569
19280,7851
19580,5802
19596,7891
19695,6676
19728,7626
19747,7403
19891,9851
19905,7019
19968,36678
19990,6077
20052,6767
20088,6987
20139,6267
20179,6751
20182,5215
20367,10306
20454,6975
20472,6767
20533,6933
20597,6789
20628,5160
20659,6529
20992,5694
21008,4853
21132,5072
21191,6569
21201,6594
21251,6647
21286,6676
21349,5531
21447,6167
21473,15257
21505,6704
21721,5014
21910,4796
22007,5840
22054,8603
22169,11788
22232,6650
22235,6597
22570,6786
22612,6000
22800,11465
22856,7639
22863,5407
22868,7830
22874,5979
23033,7731
23267,21060
23307,5064
23321,8548
23362,4958
23369,6028
23409,44840
23453,5796
23498,9245
23803,5896
23888,5727
23917,5066
23927,5613
23971,5748
23979,6797
24032,5709
24091,6298
24100,2920
24101,5151
24263,4995
24372,5279
24498,6882
24500,5152
24503,6308
24509,4620
24626,5884
24854,6550
25042,4586
25096,13838
25199,5255
25820,6690
25888,5153
25937,7155
26049,8465
26140,6661
26175,4548
26317,4299
26435,5036
26576,5653
26608,5520
26638,5844
26659,3363
26707,4648
26849,5471
26890,9070
26914,5128
26961,4099
27040,3631
27065,4940
27171,2793
27324,12370
27352,4116
27511,4615
27694,4259
27734,4967
27827,4250
27887,5254
28012,6541
28112,5791
28140,4715
28211,4329
28254,4051
28289,6059
28358,5052
28418,6911
28727,5066
28786,6418
28951,6651
28998,4552
29028,4049
29105,4733
29130,5043
29208,6123
29252,5038
29425,1956
29441,5972
29603,3742
29637,5063
29651,5231
29664,11201
29677,20134
29793,4696
29897,3789
29922,4389
29998,3936
30067,4883
30087,5173
30194,3152
30214,13475
30268,4685
30385,4594
30406,4202
30472,5294
30488,4899
30534,4124
30594,3459
30685,5625
30695,4700
30744,4704
30798,5715
30850,4389
30899,7393
30905,11578
30917,4046
30989,4052
31056,4392
31115,6010
31724,4267
31799,7125
31847,2775
31894,4215
32080,6304
32122,9238
32147,4297
32242,4491
32434,4448
32467,3741
32475,5103
32630,4040
32753,2569
32780,4821
32844,5106
32885,4425
32904,3969
33047,5532
33091,5471
33164,4730
33224,3587
33249,4263
33331,3770
33652,2423
34101,8869
34155,4119
34171,5117
34312,3965
34393,3631
34538,4956
34539,3521
34596,3760
34625,3923
34668,3340
34683,4007
34730,5889
34965,3760
34977,3265
35022,5597
35277,3858
35545,3459
35592,3691
35727,5803
35743,6114
35845,3736
35976,3196
35993,5410
36032,3891
36086,3525
36491,3432
36608,3915
36662,4384
36674,4996
36725,5219
36743,4915
36880,3729
37400,3159
37441,4002
37494,3884
37579,3469
37638,3768
37691,4111
37763,3805
37867,11002
37993,3933
38045,436064
38058,3093
38077,4708
38106,3308
38245,10872
38275,4923
38366,3861
38515,4259
38717,3655
38721,5314
38769,3005
38817,3908
38861,4150
38902,2755
38941,4991
39100,4536
39311,3402
39459,5242
39533,3799
39598,3347
39654,4832
39668,4716
39741,3489
39758,3598
39763,3806
39797,3218
39956,3183
40011,3176
40051,3921
40354,4249
40431,2816
40600,3044
40661,3464
40666,3635
40795,3109
40932,147610
40990,2908
41348,3818
41416,3730
41467,2705
41479,4280
41557,4174
41790,4189
41821,4353
41948,3498
42043,2470
42217,4972
42280,2982
42319,3229
42335,15621
42558,3555
42797,4090
42838,3381
42917,3391
43004,3298
43084,2664
43159,3794
43166,3213
43218,2645
43274,3886
43534,3131
43550,2355
43604,2817
43607,6143
43709,3902
43887,3699
43907,4112
43951,3199
43979,3089
44025,4259
44104,2752
44253,3555
44286,3388
44456,6395
44468,3130
44592,7450
44622,3431
44703,3461
44715,4751
44984,4814
45072,3905
45223,4034
45354,3561
45383,3638
45753,3911
45823,3604
45866,3406
45871,5820
45874,3386
45950,3503
45998,2390
46084,3520
46090,3224
46178,3273
46546,3873
46593,2715
46633,3658
46683,3166
46878,5701
47015,3010
47033,3137
47094,2991
47197,3356
47279,3037
47282,3622
47285,3385
47288,3619
47366,6393
47388,2842
47392,4581
47554,3424
47651,2925
47765,2986
47989,2825
48117,2350
48452,2961
48484,2535
48612,2799
48656,3776
48690,2323
48892,1983
48951,2969
48958,3305
48988,3030
49004,1703
49069,4798
49103,2745
49168,4071
49193,2266
49318,3227
49494,2242
49528,3398
49837,2706
49843,7831
50001,2607
50030,3213
50389,1935
50393,3962
50465,3756
50492,2403
50558,3747
50636,3106
50716,4715
50720,2199
50799,2043
50818,3495
50928,2535
50937,4152
51139,2949
51305,3481
51392,2977
51454,3198
51549,1854
51600,7761
51769,4760
51787,2718
51797,2955
52062,2693
52152,3448
52223,3092
52534,2100
52640,4536
52719,1773
52762,2376
52766,2892
52924,7048
53090,3132
53349,2486
53453,2689
53508,1605
53555,2493
53626,2197
53630,2984
53764,3055
53774,2738
53943,2655
54076,2848
54252,3818
54543,7026
54694,3544
54703,862
54868,3396
55019,2495
55033,2936
55062,7122
55135,2503
55204,2358
55359,2731
55431,2548
55481,2615
55512,2435
55541,2844
55604,2889
55748,2858
55766,2220
55878,1876
56150,2261
56274,3150
56375,2458
56609,2294
56612,2187
56656,1923
56712,2672
56858,2513
56913,2749
57026,2839
57278,2155
57382,2946
57386,2795
57396,1746
57397,2420
57481,3391
57578,4314
57587,3280
57661,3621
57840,3473
57896,2393
58344,2846
58422,2855
58510,2600
58571,2802
58699,2031
58859,2544
58876,2618
59125,2132
59213,2671
59491,3013
59598,2508
59721,1374
59822,3666
59931,2079
59946,1596
60041,2119
60146,2601
60347,3609
60358,8842
60456,2531
60476,1969
60700,2941
60877,2277
60939,12440
60981,2559
61069,2322
61075,2366
61211,1545
61230,2437
61539,1669
61544,3162
61600,2506
61752,2251
61818,3001
61862,2427
62014,2816
62110,2504
62218,2658
62220,2528
62225,1971
62271,4824
62423,2912
62547,2650
62580,1771
62768,2198
62774,2584
62835,2522
63410,2461
63726,2692
63765,3723
64096,2871
64112,5946
64145,1919
64243,2853
64276,2551
64331,2988
64724,2785
64725,3129
64743,2054
64781,2803
64952,3150
65151,2274
65164,2310
65329,2112
65344,2536
65485,2456
65508,4135
65570,2728
65579,3203
65652,2685
65659,2879
65884,2546
66256,2150
66394,2179
66574,2154
66704,2167
66746,2697
66943,2411
67018,2878
67037,2341
67287,2407
67293,2636
67323,2075
67679,1786
67734,2267
67790,2844
67950,8906
68061,1879
68174,2696
68190,2353
68608,2338
68939,5440
68979,1241
68997,2954
69132,3158
69491,1583
69527,1835
69618,2852
69623,1632
69624,1882
69696,4795
69985,1666
70090,1809
70187,2899
70402,3309
70559,2822
70874,2155
70944,2157
71089,2220
71106,2069
71372,1824
71504,3048
71585,3975
71937,3258
71958,2513
72225,3767
72359,2180
72595,2676
72714,2466
73016,2066
73167,2145
73188,2440
73327,6343
73443,1797
73590,3186
73849,2234
73919,2152
73950,2179
74007,2240
74103,1410
74137,2906
74219,4837
74347,1738
74492,2571
74661,3994
74696,2033
74781,1728
74866,1585
74998,2164
75167,2301
75250,2738
75303,2459
75484,3497
75529,3133
75621,2683
76090,2316
77083,2179
77119,1491
77313,2784
77583,1551
77682,2681
77797,2594
78186,1753
78314,1775
78640,2260
78846,2165
78898,2244
78952,2186
78966,1736
78998,1498
79258,2329
79327,2653
79488,2048
79639,3662
79760,1965
79817,2179
79824,1869
80136,1950
80530,1764
80689,1545
80792,1963
80862,1439
80981,1946
81043,2131
81156,2056
81191,1638
81214,2251
81220,4280
81349,1744
81912,1336
82137,1560
82300,2557
82699,1962
83269,1859
83321,2526
83391,1491
83423,2386
83497,2849
83686,2033
83861,2023
83880,2076
83935,2065
84031,1393
84145,2180
84298,1468
84322,1768
84555,2617
84679,1700
84848,1716
84924,1444
85229,1695
85284,1530
85689,1747
85902,1731
85937,2033
86457,1641
86585,2481
86607,1389
86722,1932
86815,1814
86928,1472
87035,2751
87084,1924
87222,1953
87405,2092
87588,2113
87724,1497
87820,1813
88077,1473
88158,3228
88326,1945
88494,1826
88864,1812
88999,1962
89313,2607
89398,7163
89720,1323
89728,1550
89758,1747
89841,1869
89852,1698
89991,1471
90166,1581
90181,1534
90392,1987
90444,1944
90621,1835
90687,1642
90949,1950
91125,2042
91249,1348
91403,1557
91453,1255
91530,1815
91648,3073
92102,1332
92179,1359
92243,1833
92870,1326
92951,1707
92957,2073
93173,2046
93178,1932
93188,1887
93202,1735
93379,3608
93417,2518
93648,2008
94048,1568
94072,1889
94346,2053
94470,2483
94598,1845
94742,1613
95086,1373
95087,1516
95092,1613
95126,1374
95326,1537
95439,1433
95453,1941
95604,3491
95605,1506
95754,2163
96076,1851
96160,4604
96526,1829
96663,2377
96711,2300
97099,1255
97178,1595
97189,1588
97444,1391
97590,1429
97606,1729
97903,1742
98125,1660
98192,1307
98204,1735
98430,1210
98449,1269
98450,1561
98610,1619
98712,1722
98787,1294
98826,1531
99063,2134
99071,2341
99078,1764
99638,1410
99771,2336
99828,1427
100054,1731
100140,1369
100295,1677
100535,1765
100780,1475
101043,1172
101128,1411
101180,1552
101476,2398
101891,1232
101906,1665
101981,1490
101986,1316
102193,1572
102245,2120
102282,2855
102387,1550
102458,1229
102466,1128
102507,1780
102556,1590
102652,1497
102871,1891
102948,2159
102972,1512
103337,1346
103765,1801
103783,1585
103786,1720
103829,1508
104038,1478
104272,1328
104320,1832
104471,1290
104602,1602
104736,2221
105019,2657
105054,1269
105242,2053
105280,1702
105466,1493
105508,1834
105622,1317
105882,2204
105957,1422
106030,1397
106085,1565
106149,1296
106271,1494
106754,2043
106796,1427
106938,1597
107159,1110
107358,1640
107371,2126
107378,1605
107465,1529
107863,1217
107880,1399
108517,1497
108541,1521
108764,1258
108835,1594
108877,1785
108990,1650
109067,207
109093,1836
109151,1906
109496,1106
109569,1418
109695,1309
109786,1437
109980,1190
110152,1600
110536,1093
110563,1652
110839,1389
110856,941
110972,1760
111101,1062
111184,1475
111215,1717
111240,1326
111323,1521
111397,1446
111723,2050
111935,1851
111966,1785
112034,1369
112075,1275
112096,761
112226,3871
112305,2192
112559,1378
112563,1451
112782,1900
112808,1317
112856,2113
112929,1397
112969,4538
112974,1252
113010,928
113159,1369
113172,2034
113187,1640
113263,1275
113548,1488
113584,1156
113637,2063
113687,1508
113762,3127
113923,1948
113927,1759
113997,1041
114293,771
114352,1418
114483,1345
114504,1760
115062,1580
115213,1508
115477,1041
115480,1392
115726,2111
115779,931
115924,1644
116369,1730
116503,1117
116672,1223
116717,1484
116806,1219
116831,1120
117077,1247
117121,1312
117145,1685
117229,1563
117317,1112
117455,1269
117768,2055
117862,14169
117929,1233
118017,780
118234,3208
118315,1907
118350,1370
118669,1554
118838,1406
119084,1112
119226,1153
119248,1223
119310,1172
119729,1409
119874,1664
119954,1066
120175,1105
120467,1498
120521,1136
120671,1097
120759,1216
121158,1743
121249,1189
121439,1559
121458,1797
121769,1435
121964,2102
122065,1956
122153,656
122367,1577
122432,1439
122579,1375
122680,1236
122985,979
123118,2007
123145,1338
123156,1203
123283,1457
123290,1412
123549,1043
123751,1506
123973,1093
124004,1145
124232,1213
124454,1149
124641,1125
124928,729
125020,1614
125107,932
125151,1584
125163,1305
125553,929
125588,927
125646,1256
126005,1632
126220,1149
126725,1075
126780,1325
126995,1085
127008,1072
127112,1175
127121,779
127171,1630
127198,1350
127384,1656
127433,885
127546,1604
127677,976
127717,1492
127747,1156
127939,1095
128266,1688
128270,1169
128385,1262
128456,1153
128480,2179
128744,1221
128807,1129
129173,3517
129558,1183
129740,1317
129746,1551
129783,3572
130248,1164
130274,2677
130459,1051
130689,1275
130823,1404
130838,3292
130906,1147
130968,1014
131100,1659
131186,1481
131264,1406
131292,942
131556,1046
131675,1988
131901,1069
132155,941
132250,1908
132393,1389
132402,1296
132778,1462
132991,1203
133414,1249
133625,1163
133841,1038
133962,1805
134158,951
134273,1085
134304,853
134856,860
134989,1216
135245,1532
135416,977
135446,1143
135465,1191
135709,952
135989,1167
136035,1036
136054,2418
136055,1196
136349,1302
136733,920
136785,1267
136876,878
137383,1111
137676,1238
137746,1125
137767,1299
138061,1249
138161,1331
138657,1607
138691,1039
138748,1216
139055,1037
139365,1293
139384,1574
139593,934
139615,3427
139776,953
139916,1330
140017,956
140523,1916
140669,1051
140689,849
140987,1147
141066,1463
141142,1190
141291,1131
141560,1312
141670,1391
141674,1313
142015,1187
142029,1106
142335,1305
142591,1428
142768,2578
143082,1111
143302,1244
143394,1023
143702,1274
143904,1437
143977,1677
144055,1135
144428,988
144538,1010
145059,1512
145071,1389
145228,1470
145447,1338
145452,790
145453,660
145528,1861
145558,753
145785,1181
145837,1458
145962,1087
146127,1143
146317,930
146573,1139
146695,983
146728,1218
146945,1203
146993,1291
147288,1138
147306,1473
147769,1228
147896,1332
148031,993
148263,788
148285,1392
148503,1432
148576,1210
148913,945
148947,1076
148994,1076
149180,968
149374,1797
149375,1447
149529,1029
149896,1216
149950,1120
149980,1063
150507,4464
150733,1219
150965,1517
151032,1389
151392,1090
151496,981
151748,1155
151799,863
152057,1315
152089,1504
152299,1232
152566,966
152602,1137
152786,1170
152916,1823
152972,1135
153027,999
153168,666
153276,885
153312,1250
153350,2609
153437,910
153490,1326
153534,1256
153900,1011
154090,1561
154141,1268
154247,1483
154348,1257
154804,4234
155162,1963
155509,1000
155779,1281
155870,790
155928,1925
156121,995
156186,1000
156778,1086
156840,963
156875,1334
157112,1037
157283,1032
157324,902
157460,3415
157731,804
157804,1154
157965,1148
158135,603
158560,959
158589,1171
158630,943
158992,821
159016,1233
159230,962
159674,847
159704,1051
159870,1115
160032,1132
160825,873
161678,1115
161741,1170
161753,724
161819,746
161837,671
161864,795
161936,764
162152,1033
162260,1206
162667,684
162943,825
162972,1858
163143,1203
163218,1178
163264,963
163433,1720
163478,709
163861,1339
163918,1008
163964,832
164122,742
164478,859
164503,1393
164543,874
164855,1526
164952,1144
165041,1488
165127,1033
165198,1094
165467,1363
165683,1211
165701,1018
165950,881
165987,1690
166183,997
166215,972
166545,1132
166556,1061
166586,1100
166642,814
166678,1109
166820,2503
166950,896
167376,1061
167377,923
167430,975
167837,829
168064,1408
168219,775
168321,790
169191,948
169285,1250
169418,1088
169422,766
169447,1107
169455,949
169508,991
169537,1238
169895,1096
170289,1122
170358,994
170416,1334
170644,887
170921,610
170994,1068
171108,682
171146,1031
171391,1214
171650,1332
172039,1089
172276,1350
172477,837
172603,800
172706,1149
172890,898
173148,931
173251,797
173311,918
175099,1003
175247,1081
175511,935
175601,940
175919,908
176174,894
176177,875
176198,1237
176299,794
176392,838
176645,1224
176694,1137
176907,1193
177099,867
177126,754
177187,953
177276,1144
177346,947
177462,999
178442,916
178902,1277
178945,1069
178961,1064
179017,1420
179313,878
179483,949
179676,936
179677,1361
179865,915
179873,905
180026,1041
180030,1026
180192,926
180345,865
180355,1156
180600,1092
180609,704
180683,697
180685,837
180830,1467
180930,808
180935,583
181039,603
181059,951
181194,982
181294,861
181657,826
181696,1105
181910,1146
181962,1080
182058,860
182066,1608
182164,713
182335,928
182549,857
182735,898
182775,753
182956,759
182985,837
183013,769
183409,923
183480,1257
183627,869
184165,1018
184643,963
184765,1152
184767,504
184921,1189
184998,943
185177,830
185197,932
185252,901
185314,727
185344,947
185433,945
185491,903
185606,817
185658,911
185732,869
185919,1226
186090,1115
186203,850
186396,576
186441,773
186533,1487
186646,999
186650,1293
186670,634
186821,695
186919,818
186936,840
187015,1156
187061,551
187128,1114
187235,885
187579,807
187880,940
188008,1090
188216,660
188258,756
188308,896
188632,613
188831,942
188995,855
189023,856
189096,922
189738,887
189786,1120
190212,751
190508,852
190653,2079
190714,1696
190801,1116
190849,743
191201,839
191352,1121
191404,859
191413,859
191892,952
192227,909
192277,1244
193133,1092
193339,784
193348,787
193443,994
193625,694
193739,1415
193742,866
193770,940
193793,781
193959,882
194243,747
194631,532
194813,1305
195034,951
195065,754
195186,955
195251,978
195930,1026
196011,1024
196012,888
196124,1057
196236,648
196695,948
196803,620
196867,1031
196878,1267
196879,565
197629,927
198026,775
198209,1037
198294,925
198597,1725
198639,795
199104,666
199300,739
199323,760
199802,986
200011,2735
200266,959
200463,1192
200466,849
200907,1039
201082,764
201468,570
201524,711
201592,1008
201763,810
201845,909
202065,1341
202134,818
202359,902
202455,795
202637,1183
202698,898
202844,1193
202902,767
202914,876
203403,774
203521,668
203578,683
204071,909
204162,892
204243,1339
204435,1059
204593,1251
205162,1016
205504,960
205548,705
205960,477
206040,988
206121,929
206161,772
206474,734
206545,980
206693,748
206758,870
206802,797
206905,854
207015,631
207147,601
209603,983
209759,791
209870,843
210013,921
210079,792
210080,636
210490,664
210528,723
210607,1351
210816,876
211188,472
211409,603
211500,430
211611,857
211886,1552
212349,806
212446,756
212465,1041
212581,762
212721,831
212957,751
212972,595
212996,751
213145,928
213237,760
213239,732
214221,571
214227,740
214564,642
214612,461
214854,938
214916,951
214961,694
215112,409
215812,1131
215946,600
215947,697
216124,476
216179,602
216463,803
216484,932
216757,815
217084,1004
217146,737
217184,724
217262,906
217361,1006
217434,460
217634,619
218062,952
218069,846
218405,600
218443,797
218678,797
219189,877
219850,708
219879,824
220012,810
220316,873
220810,882
221035,997
221077,667
221126,749
221365,741
221493,875
221782,1130
221856,696
223076,838
223161,2918
223475,661
223539,998
223685,643
223778,971
223887,1250
224404,582
225273,844
225495,790
225506,1709
225570,860
225634,882
225696,929
225710,620
225879,702
225910,1554
225997,1017
226244,533
226375,620
226434,1387
226566,883
226879,987
227247,872
227600,665
227681,943
227848,546
227886,632
227975,635
228118,583
228477,1641
228531,645
228889,929
228913,546
228966,900
229018,753
229234,629
229327,1876
229362,826
229523,749
229912,607
229994,784
230351,600
231014,1535
231122,783
231166,605
231648,924
231740,845
231838,511
232260,708
232469,614
232536,1178
232591,882
232765,665
233780,862
233796,1021
233878,696
234017,1762
234065,543
234455,668
234849,938
235505,535
235729,587
236029,537
236055,649
236694,668
237143,757
237639,625
237753,519
238206,662
238614,512
239033,911
239293,609
239369,533
239446,747
239858,727
240033,901
240063,708
240089,649
240129,605
240135,725
240271,740
240276,496
240290,669
240333,851
240481,1134
240777,749
240795,634
240855,942
240899,652
240975,656
241054,686
241389,843
241713,768
242175,817
242355,468
242436,679
242537,985
242719,828
242810,737
243023,774
243321,457
243359,656
244564,578
244631,495
244763,616
244768,720
245077,464
245171,649
245591,1323
246030,836
246051,596
246056,815
246114,485
246822,865
247088,449
247564,724
248427,643
248456,524
248734,2168
249493,629
249499,661
249762,765
249891,511
250470,644
250924,826
250936,590
250957,436
251020,1369
251084,711
251265,428
251290,588
252254,650
252489,702
252589,5495
252947,739
252948,828
252980,1153
253007,844
253468,1020
253520,726
253657,508
253708,952
254030,1036
254454,1237
254571,844
254801,498
254837,846
254866,1015
255015,521
255027,763
255315,756
255402,641
255852,744
256114,532
256128,825
256222,588
256370,954
256436,549
256437,485
256438,625
256533,590
256574,914
256779,616
256798,568
256987,593
257094,544
257217,601
257975,583
258713,625
259026,596
259093,692
259158,402
259194,702
259212,671
259288,684
259565,512
259580,2058
259919,641
260093,729
260155,627
260191,611
260201,655
260401,515
260405,721
260921,609
260980,594
260981,471
261180,530
261550,495
261709,584
262268,938
262374,579
262679,563
262765,537
262771,464
262862,570
263266,458
263336,786
263434,662
263834,782
264375,792
264440,669
264451,355
264947,784
266034,1073
266231,550
266294,622
266414,606
267086,432
267264,727
267516,1011
267716,453
267718,719
267735,779
267779,382
268209,800
268403,647
268614,1143
269453,867
269618,977
269671,613
269910,572
270185,711
270300,670
270925,1189
271708,613
271925,549
272110,405
272308,574
272601,609
273079,621
273204,979
273208,640
273382,744
273490,624
273510,742
273526,579
273629,635
273836,661
274049,615
274079,732
274215,663
274514,684
274689,1487
274721,496
274862,687
274884,512
275145,569
275442,994
275476,744
275574,609
275657,730
276244,696
276911,574
277415,787
277536,685
278303,756
278467,396
278649,556
278782,691
278837,441
278923,594
279002,492
279429,622
279979,556
280018,586
280032,605
280541,593
280586,710
280634,1388
280697,1069
280774,727
280970,530
281254,610
281528,998
281667,479
282403,529
283241,881
283331,595
283685,582
283871,583
284148,720
284485,688
284487,619
284586,648
285006,1673
285180,768
285188,569
285609,607
285745,519
285950,729
285991,351
286851,687
287347,688
287486,661
287674,600
287716,1093
287736,545
287948,644
288103,585
288166,546
288220,367
288315,571
288384,571
288403,730
288571,373
288929,623
289577,911
289732,668
289891,634
290839,709
290840,594
290841,474
290916,472
290993,452
291017,538
291245,520
291423,807
291434,483
291472,508
291958,581
292184,603
292235,436
292285,720
292330,773
292729,677
292730,890
292948,626
292953,795
293489,472
293607,616
294180,623
294813,626
294906,786
295748,612
296059,820
296420,577
296493,570
296872,552
297049,553
297346,553
297428,695
298024,471
298027,639
298650,545
298705,616
298817,647
298865,430
298897,930
299203,351
300046,236
300204,690
300338,433
300469,683
300592,1067
300614,503
300615,487
300616,306
301213,491
301220,552
301985,489
302021,898
302110,532
302247,589
302830,577
303365,843
303458,722
303807,373
303808,386
303913,594
304144,401
304394,536
304743,464
305019,422
305356,482
305363,508
305707,970
305782,655
305865,807
305896,551
306361,654
306466,642
306480,545
306657,622
306955,604
307673,403
308383,481
308498,646
309032,469
309166,537
309328,547
309367,589
310815,601
310901,878
311117,907
311144,516
311399,708
311718,673
311879,469
311966,527
312070,530
312340,570
312480,614
312527,612
312620,597
312622,570
312933,795
313069,385
313234,547
313394,423
314030,474
314292,383
314608,466
315324,697
315392,330
315410,356
315423,544
315506,554
315854,479
316115,744
316406,511
316834,500
317372,482
317523,548
317560,422
317696,600
317753,615
318013,438
318492,1026
318545,507
318602,663
318712,497
318739,697
319029,551
319130,456
319387,701
319465,474
319751,682
320009,507
320222,842
320290,495
320540,768
320788,921
321477,539
321700,525
321766,681
321808,586
321876,338
322399,461
322462,477
322738,319
323027,504
323233,462
323285,340
323548,457
323978,469
324029,458
324373,575
324695,619
324836,335
325311,497
325573,431
325581,494
325692,542
325694,438
325906,550
325996,411
326059,798
326184,522
326233,547
326362,543
326509,551
326626,406
326719,482
326782,366
326783,605
327104,484
327681,556
327682,452
328457,447
328769,259
328856,565
329316,593
329413,529
329920,534
330028,498
330052,449
330307,635
331161,518
331165,464
331401,386
331464,561
331922,439
332274,609
332301,580
332787,462
332895,520
333013,867
333318,406
333520,572
333690,554
333731,561
333862,707
334013,540
334348,624
334439,455
334506,686
334650,577
334713,630
334887,358
335151,634
335186,551
335429,801
335431,445
335614,684
335641,713
336186,522
336211,324
336462,577
336528,380
336536,953
336613,524
336630,953
336883,570
336970,345
337060,544
337238,487
337263,525
337346,516
337351,500
338088,741
338391,622
338533,476
338741,722
338892,712
338945,455
338946,476
338947,482
339027,708
339368,380
339462,516
339463,553
339706,821
339995,500
340142,511
340315,540
340644,566
340783,471
340837,682
340886,554
341278,440
341322,488
341472,690
341718,376
341935,557
342042,369
342069,440
342449,362
342481,513
342597,367
342781,576
342968,475
343254,730
343392,762
344082,874
344234,460
344271,523
344430,550
344658,393
344689,513
344871,426
344908,481
344923,371
344989,524
344990,599
345031,604
345182,431
345215,657
345283,578
345747,602
346059,406
346060,575
346164,473
346240,375
346275,482
346387,370
346427,553
346838,482
347633,610
348125,506
348182,529
348602,309
348932,448
349384,1165
349566,408
349569,952
350125,325
350941,333
351016,349
351430,657
351483,341
351763,582
351888,361
351933,818
352385,572
352713,599
352874,496
352942,1610
353049,530
353092,493
353474,338
353638,599
353665,361
353763,355
353781,502
354098,497
354361,474
354533,625
354845,435
355576,416
356902,830
356999,407
357423,502
357606,302
357770,278
357833,507
358725,500
358972,483
360217,326
360718,450
360758,341
360785,561
361343,398
362203,820
362226,565
362273,346
362274,401
362304,411
362651,361
362730,414
363189,641
363261,441
363371,490
363477,850
363572,632
363677,456
363884,597
365330,723
365430,377
365915,415
366155,473
366156,505
366512,701
366514,464
366801,428
366803,444
366950,392
367575,323
367801,456
367835,317
368106,326
368287,972
369293,486
369351,354
369442,532
369491,720
369645,586
369851,632
370302,440
370321,331
370803,317
371012,501
371167,354
371342,401
371515,598
371913,589
372096,472
372228,437
372299,774
372315,956
372323,459
373241,549
373401,518
373499,1062
373700,304
374237,543
374248,433
374538,533
374581,573
374583,551
374584,491
374754,445
374961,412
376041,523
376259,531
376663,1670
376725,513
376821,588
376822,400
376823,534
377282,480
378165,536
378220,565
378471,561
378490,825
378655,674
378925,389
378962,632
378970,405
379052,347
379195,322
379199,624
380022,367
381104,719
381650,447
381674,306
382290,787
382466,312
382509,342
382605,417
382652,354
382685,900
382736,398
383028,472
383594,409
383761,444
383765,528
383843,443
384014,694
384822,388
385201,466
385555,658
385655,439
385759,257
385874,506
385988,499
385997,343
387044,337
387368,366
387377,1035
387650,415
388170,473
388716,313
389050,507
389220,468
389350,761
389448,532
389680,972
389786,416
390171,378
390356,631
390477,373
391081,407
391116,576
391133,425
391295,412
391527,540
391567,437
392027,707
392131,509
392443,363
392558,452
392597,590
392624,552
392737,642
392740,489
392841,392
393006,446
393347,430
393515,1294
393843,386
393863,392
393943,297
393959,292
394097,384
394380,536
394600,364
394998,431
395186,310
395446,437
395715,1131
396255,406
396590,344
396770,387
396841,347
397271,548
397331,353
397455,302
397590,363
397591,447
397747,495
397757,435
397820,462
397835,499
398150,402
398285,379
398725,538
399110,516
399921,316
399927,398
400316,471
400814,444
401618,448
401945,396
402224,260
402353,483
402354,507
402360,507
402595,410
403495,534
403556,363
404523,624
404728,332
404788,307
404866,448
406413,494
406534,308
406536,435
406582,442
406978,364
407319,336
407325,419
407393,515
407671,537
407793,437
408053,580
408826,376
408827,464
408913,636
409184,502
409185,373
409600,377
409861,312
410433,625
410483,442
411190,450
411402,385
411722,569
412483,573
412524,610
412525,564
412804,366
412805,366
412808,391
412979,308
413176,413
413326,823
413585,373
413630,391
413656,363
414249,253
414254,430
414338,384
414353,576
414483,357
414948,1333
415230,431
415390,312
415404,307
415546,835
417387,532
417443,524
417481,490
418061,448
418216,555
418343,573
418693,457
419096,536
419455,476
419554,361
419648,453
419995,352
420424,444
420502,405
420503,377
420599,561
420738,587
420865,419
420923,527
420951,443
421465,403
421610,379
421671,431
421672,507
422356,423
422528,265
422698,626
422813,249
422978,506
423246,374
423272,460
423441,508
423697,399
424039,367
424055,553
424178,384
424202,442
424247,507
424278,322
424280,493
424457,384
424675,407
425257,442
425602,282
426213,466
426214,464
426407,352
426570,374
426600,494
426601,396
426697,753
426885,429
427083,406
427155,424
427637,474
427727,354
428252,359
428384,502
428651,378
428764,361
429141,448
429143,441
429223,437
429274,448
430121,374
430393,541
430730,498
430850,313
430983,388
431005,568
432449,322
432825,359
432826,391
433011,515
433408,657
433457,393
433539,480
433626,559
434011,822
434107,365
434792,637
435054,426
435247,468
435471,408
435577,235
437057,285
437531,399
437790,390
438025,638
438120,468
438681,394
438968,365
439532,512
439734,626
439882,344
440016,666
440410,228
441371,304
441905,390
442122,293
442585,413
443352,388
443360,531
443503,530
443570,632
443593,323
443842,335
443988,324
444010,292
444123,496
444255,338
444966,568
445001,331
445093,340
445101,558
445283,420
445408,484
445748,812
445817,394
445938,508
446399,310
446401,321
446497,348
446503,389
446854,347
446937,369
447202,309
447753,420
448782,335
448783,261
449110,524
449162,402
449713,415
450154,454
450221,405
450314,770
450357,338
450685,251
451225,396
451241,413
451436,979
451437,310
451870,308
452033,310
452242,519
452319,450
453362,402
453432,421
453781,542
453803,560
454472,310
454622,373
454657,379
455237,487
456040,448
456252,322
456285,283
456344,443
456362,481
456592,1023
456820,298
457320,330
457324,246
457896,383
458238,324
459016,534
459516,339
459660,384
459662,329
460256,588
460468,265
460537,245
460827,425
461241,407
461810,372
462919,288
463498,449
464746,390
465124,270
465368,696
465531,329
465588,354
465657,361
465846,290
466005,362
466544,385
466917,307
467077,566
467818,612
468236,428
468282,336
468490,332
468716,228
469061,312
469352,257
469455,318
469501,325
469576,369
469609,314
469611,284
469723,387
470094,486
470891,626
471007,442
471281,352
471301,310
471759,378
471808,238
471847,372
471868,334
471944,439
472167,406
472255,277
473073,366
473543,478
473605,420
474179,377
474262,360
474468,358
474511,531
475135,472
475192,599
475260,396
475474,409
475729,275
476273,320
476393,375
476475,293
476557,264
476579,348
476597,332
476604,397
476807,411
476864,384
477481,386
477618,290
477619,377
477621,878
477623,502
477835,386
478063,446
478153,368
478213,669
478896,568
479178,393
479238,300
479499,388
479582,601
480151,274
480175,389
481214,352
481830,394
481870,345
482085,325
482155,335
482723,481
484033,344
484156,389
485488,516
485504,295
486010,348
487049,516
487056,244
487083,335
487391,435
487393,411
488295,363
488393,323
488732,356
489069,248
489541,501
489544,372
489819,370
489908,463
490055,506
490587,853
490966,282
491042,359
491268,496
492058,345
492798,324
492879,531
492960,293
493025,345
493097,500
493555,237
494157,303
494321,391
494429,663
494536,340
494915,350
495160,302
495473,441
495487,811
495721,346
496225,453
496324,301
496364,327
496814,293
496891,373
496966,318
497365,460
497372,293
498120,357
498121,296
498122,339
498329,288
498348,226
498454,327
498762,405
498767,396
499132,328
499263,465
499465,351
499947,260
500135,384
500538,391
500675,347
501705,449
501867,394
501931,295
501972,153
501985,255
501986,287
502079,271
502257,390
502276,439
502350,361
502460,388
502539,344
502554,391
502674,348
502724,602
503050,381
503212,303
503340,350
504174,366
504411,292
504549,188
504550,349
505258,535
505748,517
505993,238
506086,242
506143,397
506213,301
506839,360
507181,236
507268,408
507272,501
507606,305
507649,375
507966,375
507967,455
508050,391
508128,281
508738,335
508822,538
508986,347
509125,295
509739,388
510159,397
510246,359
510529,454
511542,197
511685,253
511851,436
512080,265
512192,324
512708,437
512927,271
514067,328
514138,314
514378,365
515345,490
515440,281
516047,358
516080,243
516668,555
516819,486
517335,308
517398,591
517833,335
517961,258
517991,550
518296,490
518823,887
519469,377
519655,266
520212,958
520501,321
520747,298
520753,361
520999,382
521011,302
521022,445
521469,298
521807,325
521890,328
521920,305
522204,352
522428,292
522603,297
522690,349
522938,414
523518,351
523638,430
524013,297
524248,335
524267,349
524794,493
524835,299
525151,417
525397,461
525880,369
526513,246
526554,374
526585,303
526586,410
527408,307
527506,427
527829,255
528516,291
528986,253
529375,212
529462,391
529812,621
530142,364
530250,366
530576,257
530593,700
530652,294
530859,344
530862,474
530889,434
530891,270
530905,357
531037,323
531376,304
532099,275
532711,282
532854,323
533170,245
533302,346
534279,264
534441,442
535152,346
535176,366
535377,533
535938,359
536418,352
536429,192
537753,447
538502,291
538635,281
539138,373
539767,291
539772,282
540040,348
540158,414
540785,258
540953,289
542242,392
542589,301
542646,438
543799,241
543866,357
543869,568
544032,238
544428,312
544844,369
545671,297
545711,253
545791,251
545796,365
546242,309
546400,300
546521,270
546522,344
546536,295
547180,296
547181,280
547793,350
547839,298
548006,210
548389,351
548990,430
549341,261
550224,282
550289,307
550406,218
550834,253
551018,276
551256,349
551483,275
551571,485
551597,278
551688,380
551837,295
551844,200
551976,249
552116,651
552190,587
552512,281
552751,342
553102,391
553396,272
553485,263
553496,331
553497,298
553561,303
553712,243
553973,358
555116,369
555119,305
555199,196
556119,332
556354,364
556706,297
557292,343
557342,348
557942,290
557998,180
558017,283
558115,365
558117,434
558119,321
558384,223
558556,506
558559,321
558812,392
559949,355
559951,433
560570,237
561229,299
561260,416
561350,285
562235,335
562875,410
562942,298
563134,279
563180,189
563362,213
563634,358
563706,294
563800,328
564649,263
564799,278
564800,442
565136,395
566230,362
566779,330
567171,272
567459,232
567682,217
567798,324
568156,285
568157,281
568432,357
569555,296
569598,305
569860,274
569918,394
571154,241
571155,357
571823,229
572138,227
572140,345
572179,370
572428,243
572432,219
572678,427
572688,340
573179,314
573498,238
573532,312
573567,346
573569,282
574212,404
574668,204
575236,189
575438,221
575482,306
575483,292
575930,226
576019,449
576193,317
576902,269
577983,288
578151,186
578259,213
578635,450
578652,358
578654,280
578689,300
578701,269
579737,588
579748,196
580081,562
580295,432
580296,315
581220,315
581225,328
581441,241
581451,296
582704,277
583018,303
583093,327
583237,374
583274,365
583445,398
583447,264
584426,383
585399,230
585642,289
585893,291
586201,428
586962,227
587014,380
587314,275
587885,411
587990,262
588334,410
588617,265
588648,258
588655,365
589032,371
589105,281
589404,229
589567,232
589786,321
589910,238
590192,338
590529,178
590640,257
590683,307
590724,235
591618,334
591806,352
592054,218
592211,179
592479,308
592518,235
593055,338
593071,379
593524,439
593562,223
593732,382
594449,304
594934,305
595375,319
595550,253
595642,704
595658,322
596149,355
596212,346
596466,419
596567,604
596614,269
596642,346
597109,229
597362,234
597475,252
597587,453
598116,338
598390,557
598617,216
599010,357
599012,275
599014,297
599343,263
599531,274
599532,287
599796,620
599904,306
600698,385
600774,249
601193,229
601899,208
601957,434
602687,250
602896,595
603312,292
603320,222
603526,287
603716,260
604190,180
604472,386
604525,342
604792,319
604810,185
604927,184
604953,218
605013,272
605016,339
605078,352
605943,168
606022,270
606500,249
606911,359
607000,304
607548,215
607769,238
608041,318
610043,236
610591,373
610598,324
610689,306
610747,316
611011,284
611935,236
612157,336
612257,210
613239,218
613265,211
613763,349
613912,209
614079,811
614413,434
614427,224
614842,369
615403,231
616164,380
616253,291
616547,293
617358,267
617591,220
617960,272
619926,419
620564,399
621094,268
621524,315
621706,310
622043,368
622191,184
622269,220
622689,285
624091,411
624092,393
624751,226
624914,281
625004,347
625445,254
625504,357
625657,273
626719,271
626771,291
626836,237
627489,313
627697,226
627699,526
627789,315
627969,351
628496,364
628575,429
628730,258
629589,363
630642,516
630894,248
631051,425
632001,243
633163,369
633494,259
633656,187
633698,290
633809,213
634177,187
634211,223
634405,237
634776,295
634851,297
634991,244
635388,245
636006,201
636065,193
636451,202
636518,229
636651,237
637197,281
637239,268
638335,297
638715,295
638852,290
639606,292
639796,264
639921,332
640045,196
640531,216
640881,217
642138,256
642269,283
642930,246
643151,251
643383,302
644711,263
644930,439
645461,204
645719,454
646145,241
646166,213
646179,416
646182,309
646423,308
646685,310
646696,650
646816,224
647230,423
647880,213
648656,350
648761,310
649004,140
649513,216
649767,288
650916,259
651511,299
651814,271
651841,549
651908,202
652239,159
652560,320
652609,280
652622,782
652626,389
652656,285
652970,163
653139,327
653175,303
653176,240
653367,1157
653640,286
653645,254
654852,229
655803,213
656071,238
656148,285
657778,227
657868,304
657899,457
659206,245
659552,217
659853,366
660121,195
660323,270
660485,337
660889,275
661685,225
662086,210
662938,307
663296,676
663419,328
663499,256
663700,272
664170,365
664401,189
664686,258
665740,225
665818,197
666237,203
666480,221
666552,390
666820,448
667030,252
667123,323
668446,240
669234,257
670098,271
670179,255
670334,354
671685,261
671741,169
671990,276
672518,312
673591,234
673849,318
673850,298
674329,350
674564,247
676554,401
676885,267
677014,269
678163,234
678519,373
678541,225
678580,509
678901,205
678960,267
679021,223
679359,296
679362,288
679978,176
680069,271
680071,249
680167,193
680191,289
680483,321
680499,243
681293,141
681504,196
682789,260
683690,208
684502,327
684627,165
684817,282
685534,280
685806,244
686142,233
686290,198
686503,211
686966,289
687016,187
687135,266
687430,292
687735,304
687828,231
687838,270
688608,536
688824,256
688967,153
690056,249
690300,247
690618,262
690778,391
691160,250
691316,239
691634,242
691743,208
692552,182
692553,226
693076,272
693130,462
693808,233
693809,350
694288,238
694511,245
694515,220
694519,344
694624,154
694746,194
695201,276
695468,511
696004,315
696127,516
696313,178
696710,313
696711,280
697690,306
698541,404
698734,298
698736,198
698908,288
699381,324
699724,288
700519,465
700592,310
701325,282
702039,316
702155,290
702159,332
702536,333
704169,332
704957,240
705217,225
705549,403
705595,273
705596,222
707239,294
707347,266
707845,755
708548,694
708882,263
708922,277
709586,228
709700,250
709772,285
709833,276
710155,232
710170,231
710192,175
711349,284
711595,280
712400,229
713026,421
713034,263
713419,306
714806,383
714904,266
715167,267
715546,225
716824,297
717095,244
717285,335
717312,246
717343,191
717608,230
718105,271
718435,349
719160,281
719449,219
720749,237
720951,226
721058,288
721110,236
721579,288
722000,271
722082,468
722623,233
723020,1059
723396,572
724602,268
724626,436
724709,263
724727,220
725095,251
725228,288
725241,119
725855,232
726046,176
726130,246
726315,285
727763,257
728196,286
728544,246
728892,260
730020,244
731103,330
732362,211
732592,185
732600,260
732827,170
733138,214
733163,238
733301,160
733304,365
733307,270
733311,183
733993,235
734032,217
734135,200
734569,244
735315,487
735824,367
736451,205
736474,456
737094,215
737469,230
737906,205
738122,211
738183,242
738542,246
738543,283
738794,152
739360,261
739655,152
740691,184
741075,172
741436,154
741800,374
741874,200
741876,273
742349,211
742350,286
743346,232
743854,290
743993,291
744161,484
744285,277
744409,274
744429,210
745137,153
745202,207
745876,254
745891,224
746858,2898
746864,222
747625,291
747698,293
747947,184
748194,287
749549,241
749693,209
749717,265
750204,246
750284,187
750407,203
750413,202
750418,257
750734,365
751943,252
752963,164
752964,135
752992,257
753526,239
754268,326
754389,274
754390,238
754508,172
754780,257
754833,204
755234,174
755741,201
755787,224
756537,144
756694,176
756779,275
757560,1161
757749,253
758067,319
758170,291
758190,309
758945,163
758946,158
759030,259
759056,256
759067,198
759078,271
759248,215
759351,216
759760,216
761292,152
761294,136
762161,244
762859,270
762860,230
763979,218
764300,238
765125,235
765303,217
765584,252
765976,159
767050,213
767501,295
767967,204
768771,225
769079,214
770591,260
771732,170
772200,305
772571,196
773257,250
773357,210
773996,328
774345,310
775275,303
775376,124
775968,347
776040,196
776151,206
776153,229
776672,212
776724,154
776928,288
777038,254
777041,181
777047,198
777640,218
777799,452
777864,290
778028,208
779665,146
779875,215
780129,154
780461,237
780571,179
781247,210
782209,260
782412,241
782769,262
783772,193
785379,222
786014,168
786251,142
786399,217
786604,268
786651,250
786866,218
787192,226
787422,211
788653,232
788744,231
788745,178
788992,245
789799,201
790041,221
791503,235
791529,211
791652,329
791653,266
791743,193
791843,236
792027,220
793256,179
793346,177
793632,257
793909,200
794457,195
795189,178
795682,342
795683,262
795920,201
796453,195
797348,229
799065,217
799412,253
799414,282
799478,193
799611,189
799753,424
799766,200
800048,242
800221,199
800469,269
801128,170
802017,188
802961,255
803296,268
803337,476
803454,293
803485,156
803686,238
804029,177
804371,190
804517,243
804833,221
805264,592
805414,208
805697,273
807216,247
808003,1440
808051,220
808262,274
808777,238
809117,206
809371,188
809917,252
810123,229
810480,228
810903,261
811008,226
811433,210
811766,382
812281,218
812507,258
812802,601
812808,191
813170,110
813410,235
813441,227
813520,317
814114,334
814534,269
814633,243
814685,140
815050,274
815338,137
815477,174
815484,212
815486,290
815493,154
816331,235
816349,222
817837,222
818213,164
818381,200
818948,215
820097,277
820286,272
820983,284
821170,196
821568,196
822860,277
823610,311
824672,200
824713,259
825332,182
825371,218
825737,212
825963,209
826270,210
826461,191
826535,197
826658,270
826670,236
827000,177
827091,291
828485,135
828752,161
829370,180
830169,134
830593,392
831013,205
831415,162
831500,207
831630,256
831632,252
831635,143
832522,228
833302,144
833510,179
834127,169
834465,181
835182,130
835273,362
835336,254
835337,216
835553,211
835761,217
836113,117
836133,162
836892,198
838132,200
838364,246
838525,239
839076,248
839173,164
839227,234
839379,165
840062,259
840443,561
840811,270
841013,215
841982,291
842622,199
842732,178
844727,144
845110,253
846144,249
846257,262
846267,190
847077,194
847173,215
847767,217
848419,165
850115,214
850699,184
851499,247
851690,214
851711,197
852272,233
852381,211
853450,202
853471,259
853851,227
854728,299
855103,175
855508,211
857447,168
857863,195
857976,190
857977,197
858447,231
858454,248
858464,205
858548,205
859248,844
859527,243
861559,523
861890,196
862784,204
864106,217
864494,320
864735,290
865679,257
866957,164
867023,232
867820,183
868063,137
868720,216
868997,243
869600,112
869601,148
869743,211
869758,204
871754,223
872703,122
872740,186
873073,251
873295,209
873681,140
874335,177
874825,417
874980,226
875090,180
875514,190
876012,258
876053,245
876434,197
876519,186
877634,210
877831,279
878690,240
878691,260
878889,282
879522,189
879882,223
880144,218
880536,198
881177,146
882025,207
882271,226
883257,217
883339,114
883453,206
883546,214
884367,145
884630,252
886752,239
886753,226
888196,207
888199,190
888480,135
888688,194
888949,343
889096,370
890422,291
891180,153
892143,220
892173,117
892873,187
893007,311
893088,284
893169,305
895636,207
896408,192
896540,256
896781,205
897576,194
897946,183
898387,235
898416,312
898508,164
898804,137
898882,351
899108,225
899198,198
899446,160
900147,261
900248,168
900548,291
901015,320
901387,153
902321,184
902952,191
903445,150
903789,253
904103,513
904262,215
904416,274
905296,162
905461,206
905599,183
905611,182
906299,178
906309,194
906979,253
908635,197
909043,260
909109,188
909114,175
909852,964
909853,190
910818,210
911295,192
911557,162
912321,215
912325,180
912593,166
912596,280
912741,164
913197,179
913254,185
913622,168
913711,189
913918,195
913926,189
914717,219
915965,130
916005,118
916358,128
916363,134
917387,160
917726,167
918165,315
918178,139
918919,166
919134,168
919290,185
919498,449
919918,219
919919,188
921805,206
923072,214
923548,300
923994,221
924002,226
924319,162
924718,276
925321,177
925328,187
925753,254
925767,146
926455,167
927163,199
927411,182
928299,212
928358,188
928558,230
928954,164
929395,200
929815,168
929864,208
930283,178
930944,403
931995,265
932024,133
932042,159
933304,278
934577,162
934612,205
934751,270
934923,184
934926,213
936068,108
936435,268
936527,306
937081,190
937229,113
937821,151
938486,210
938627,237
938968,146
939415,155
940354,173
940848,244
941560,227
941813,201
941821,195
942383,178
942386,151
942763,199
943018,155
943254,180
943467,97
944246,224
944429,120
944551,195
948211,211
948969,176
949404,159
949587,133
949811,163
949995,214
950075,208
950437,194
951132,207
951278,156
952254,150
952377,139
952624,198
952732,183
954634,213
955529,113
955937,183
955964,181
956172,294
956493,150
956832,134
957218,168
957639,189
957709,122
957710,179
957830,143
957879,175
958097,237
958218,237
958366,174
959774,118
960025,235
960386,161
960390,154
961271,123
961755,113
962617,175
962648,248
963564,258
964728,219
966131,254
966132,230
966296,172
966297,152
966968,159
969715,182
969729,180
970371,169
970428,185
970430,179
970553,189
971097,145
971246,164
971741,320
972388,189
973213,218
974059,123
974175,315
974446,248
975593,170
975724,177
975733,183
975738,173
976064,179
977311,222
977364,193
977639,194
978211,214
978355,198
978463,142
979375,127
979669,212
979679,140
980011,149
980026,202
980505,150
980823,97
980870,296
981186,140
981795,221
981894,139
982017,119
982065,255
982068,167
982152,177
982153,200
982254,240
982451,238
982898,220
983018,297
983693,196
984598,151
984600,190
985793,146
985817,82
986022,212
986332,151
988773,216
988776,162
990357,192
991429,167
991547,127
991956,245
992611,161
994481,204
994959,225
994988,184
995683,183
996756,184
996973,148
997495,136
997898,177
998721,149
998738,183
999744,199
1000073,142
1000393,199
1000741,141
1000837,236
1000912,167
1000926,175
1001943,152
1002230,194
1002340,253
1003752,127
1004100,202
1004448,439
1005259,180
1005263,190
1005264,131
1006032,170
1006143,129
1006145,128
1006511,110
1006992,119
1007831,202
1008012,268
1010136,195
1011785,161
1012198,113
1014173,216
1014489,203
1014842,148
1014914,250
1014920,187
1015845,195
1015912,143
1015933,96
1016257,166
1016337,135
1016487,190
1016507,192
1016508,212
1016936,151
1016937,108
1017310,315
1017481,180
1017600,179
1017849,158
1021025,127
1022587,226
1023126,740
1023692,230
1023888,160
1024628,353
1025324,146
1025328,205
1025331,153
1025846,178
1026404,210
1026612,182
1027048,154
1027057,214
1028063,255
1028370,214
1028716,240
1029022,158
1029861,191
1030075,218
1030408,182
1030632,110
1030711,126
1030712,192
1030944,119
1031003,158
1031310,170
1031670,170
1032086,127
1032200,227
1032261,241
1032287,179
1032583,173
1033764,198
1034199,158
1035055,135
1035291,167
1036431,151
1036562,152
1038481,183
1038502,206
1039130,170
1039392,106
1039793,125
1040869,169
1041527,218
1042965,171
1043184,171
1043338,162
1043747,170
1045209,197
1045908,182
1046042,312
1048023,189
1048148,218
1048863,196
1048875,155
1050133,185
1051340,179
1052269,178
1052566,145
1053380,124
1053464,114
1053480,194
1053735,169
1054628,179
1055422,141
1055699,209
1056190,186
1056702,166
1056856,116
1056941,175
1057329,126
1058445,374
1059006,129
1059201,145
1059761,113
1060038,174
1060315,107
1060876,123
1061139,121
1061205,180
1062889,111
1062932,200
1063334,516
1063843,202
1064442,248
1064718,159
1065053,132
1065213,247
1065270,140
1065329,225
1065336,245
1065466,163
1065901,105
1065924,189
1066487,185
1066625,193
1066891,165
1066894,194
1069919,184
1070097,164
1070824,152
1072135,145
1073842,197
1075551,157
1075567,187
1075952,138
1076736,125
1076759,177
1077883,161
1078018,125
1078870,138
1079703,102
1080380,230
1080677,117
1080706,103
1081040,165
1081063,288
1081198,172
1081509,229
1081510,187
1081662,137
1081711,210
1082510,142
1082525,149
1083013,117
1083243,161
1083396,143
1083480,162
1083687,226
1084802,129
1084803,164
1085104,195
1085250,169
1085362,133
1085649,213
1086377,202
1086732,289
1086999,247
1087829,97
1088162,172
1088279,186
1088551,187
1089335,123
1090903,150
1090954,198
1092384,155
1093127,140
1093993,133
1094227,171
1094680,144
1095387,237
1095469,196
1095549,122
1095684,175
1095769,192
1096095,132
1097998,213
1098452,148
1098455,247
1099326,133
1099372,163
1099461,164
1099510,161
1099963,94
1100367,195
1100372,138
1100504,120
1100664,167
1100803,147
1100949,234
1101120,183
1101132,139
1101135,160
1101139,183
1101241,128
1101723,120
1101792,140
1102327,180
1102362,156
1102685,143
1103906,170
1104195,161
1104340,147
1105354,186
1105617,205
1106170,132
1107448,89
1107569,173
1108852,125
1109131,621
1109161,140
1109225,169
1109993,126
1109996,143
1110855,168
1111425,173
1111872,163
1112272,185
1113155,227
1113189,182
1113360,173
1114716,157
1115779,8623
1116254,117
1116704,118
1116852,149
1117744,130
1118777,157
1118828,179
1119292,115
1119448,122
1119563,203
1119567,187
1119570,119
1120602,182
1121071,84
1121137,151
1121335,160
1121682,139
1122962,117
1123104,140
1123267,189
1124631,250
1124975,84
1125563,180
1125974,132
1126058,145
1126491,352
1126660,157
1127163,137
1127247,185
1127444,114
1127576,122
1127578,169
1128077,159
1129237,164
1129541,167
1129706,179
1129707,133
1130611,155
1130697,148
1130811,131
1131052,119
1131053,129
1131056,143
1131060,121
1133446,196
1133612,132
1135794,189
1135828,170
1135838,138
1136766,267
1137722,173
1137849,118
1138360,434
1138361,125
1138554,126
1138666,181
1138678,159
1138684,128
1138919,257
1138975,143
1139773,204
1139775,145
1140025,169
1140030,92
1140248,238
1140966,81
1142878,122
1143840,108
1144364,123
1144375,195
1145476,158
1146297,191
1146616,170
1146735,239
1146758,81
1147883,118
1149270,177
1149307,133
1149708,244
1149717,153
1150327,251
1150484,135
1150562,122
1150566,143
1150567,126
1150568,194
1152411,113
1153135,146
1153284,346
1153602,136
1153678,152
1153747,117
1153748,111
1154259,161
1154454,187
1154526,131
1154787,131
1155669,186
1156538,93
1156554,369
1156647,184
1157234,125
1157291,103
1157735,132
1158322,103
1158325,120
1158805,106
1159049,163
1159196,121
1159719,168
1159720,147
1159849,531
1160409,190
1161658,131
1162160,207
1162345,124
1162513,213
1163966,130
1164307,185
1164315,197
1164316,146
1166379,183
1167273,135
1167450,133
1167896,188
1167971,99
1169004,108
1169748,159
1170036,144
1170887,122
1171003,110
1172255,238
1173536,238
1173858,129
1174089,216
1174103,111
1174104,134
1174954,120
1175220,156
1175693,169
1175749,153
1176757,183
1177120,121
1177143,137
1177150,173
1177151,174
1177156,169
1178033,89
1179070,180
1179175,129
1179179,152
1179185,125
1179191,189
1180561,127
1180585,194
1183120,151
1184116,87
1184682,146
1185172,107
1185183,133
1185187,184
1185189,217
1187287,200
1187467,161
1188232,165
1188233,154
1188455,153
1190534,155
1191069,158
1191314,135
1192038,110
1192082,95
1192418,132
1193256,320
1195724,177
1197333,152
1197335,113
1197336,112
1198317,149
1198349,110
1198373,197
1198618,214
1199171,198
1199741,157
1200388,149
1200511,133
1200514,125
1200523,155
1200530,133
1200531,130
1200539,190
1201998,98
1202004,113
1202007,104
1202277,145
1202981,120
1203095,112
1204745,148
1204853,161
1205068,114
1206667,141
1206672,119
1206673,156
1206678,163
1206680,144
1206684,165
1206691,129
1208827,170
1209109,122
1209772,126
1209781,115
1209787,147
1210112,163
1210360,203
1210500,262
1210603,142
1211513,131
1212173,151
1212486,148
1212983,161
1213450,210
1213465,114
1213877,253
1214006,170
1214786,115
1216894,183
1217886,182
1218020,170
1218730,111
1218752,136
1219170,133
1219943,164
1219996,145
1221458,159
1222547,141
1222588,129
1223106,144
1224112,96
1224702,116
1225019,121
1225378,162
1226958,137
1228679,131
1228832,175
1228962,155
1228964,156
1228966,155
1228969,128
1229499,157
1229538,173
1231036,132
1231609,204
1231729,129
1232231,186
1232983,150
1233319,133
1234208,117
1235234,154
1235246,112
1235248,129
1235259,129
1235518,225
1236704,160
1236930,132
1239011,164
1240190,214
1240761,159
1242004,515
1242006,139
1243092,148
1243309,106
1243773,103
1244516,143
1244976,239
1245102,99
1245237,185
1245267,187
1245391,132
1245404,162
1245446,108
1246712,112
1247020,139
1247021,130
1248187,128
1248248,135
1248570,159
1250743,151
1251052,142
1251317,116
1251831,142
1252010,163
1252014,162
1252019,172
1252020,163
1254435,205
1254993,214
1255243,117
1255256,113
1256077,107
1256084,150
1256146,124
1256165,136
1256243,150
1256385,91
1256386,322
1256511,119
1256862,91
1257036,113
1257037,128
1257038,135
1257234,105
1258093,98
1258309,162
1258655,128
1258865,170
1259183,173
1259637,142
1259727,83
1260311,145
1260757,174
1260958,144
1261124,110
1261150,167
1261188,147
1262884,153
1262974,172
1265719,123
1265765,262
1266745,205
1266890,118
1268290,23960
1268475,101
1268488,95
1268491,129
1268951,99
1268997,89
1269269,121
1269280,183
1269282,113
1269289,251
1269299,179
1269584,167
1270025,91
1270028,113
1270443,142
1270805,138
1270934,135
1271605,197
1271606,150
1272756,125
1273489,116
1273962,228
1274135,96
1275680,122
1278557,189
1280262,177
1281170,206
1281412,150
1281667,198
1282015,153
1282493,88
1282785,150
1282837,107
1283386,107
1283602,106
1283642,77
1283643,133
1283815,141
1283964,120
1284413,112
1284973,88
1285823,134
1287400,206
1287664,157
1288289,143
1289290,87
1290102,94
1290375,173
1290921,110
1291312,164
1291318,164
1291734,140
1292509,107
1292803,129
1292862,169
1292880,117
1292882,116
1293668,123
1293679,134
1293958,156
1294007,169
1294379,102
1294590,98
1295287,148
1295335,146
1295403,120
1295416,138
1296580,89
1297643,187
1298323,137
1298583,104
1299478,92
1299553,110
1299844,260
1300015,114
1300225,134
1300858,173
1300859,117
1300863,152
1300871,141
1300872,118
1300874,136
1302377,96
1303125,137
1303811,138
1304097,192
1304224,153
1304291,158
1304819,140
1305039,169
1305137,86
1305156,159
1305158,115
1306371,235
1306503,330
1306506,132
1307276,120
1308130,133
1308153,166
1308948,96
1309843,192
1309906,238
1310884,83
1314784,136
1315961,121
1316439,118
1316441,150
1317318,134
1317622,147
1318021,210
1318779,133
1318941,106
1318945,111
1318947,140
1318957,109
1318968,148
1319307,132
1320406,187
1320767,121
1320886,130
1321202,121
1321798,138
1321871,72
1323492,122
1325598,119
1326242,161
1326245,109
1328883,174
1329794,268
1329962,144
1330648,176
1330649,137
1330723,148
1330820,88
1332128,123
1332539,170
1333220,122
1333501,187
1333810,94
1334067,101
1334293,141
1335008,610
1335777,339
1337437,323
1338099,131
1338163,129
1338381,155
1338972,100
1339315,123
1339779,150
1339784,119
1340415,94
1340710,132
1341245,370
1341274,489
1341890,210
1342628,137
1342638,88
1342943,127
1342945,105
1343274,121
1343489,138
1344969,82
1345095,101
1345310,130
1345311,100
1345324,104
1345328,82
1345333,103
1345339,120
1345785,191
1346806,209
1347704,150
1347922,160
1347923,120
1348001,134
1350680,131
1350685,178
1353106,151
1353112,130
1353822,110
1354812,143
1355871,154
1356527,61
1356719,166
1357814,147
1357815,314
1358049,141
1358607,86
1359358,235
1360286,116
1360733,152
1360906,141
1361301,101
1362855,106
1362856,114
1363545,335
1364813,97
1365754,140
1367781,141
1368493,152
1368657,123
1368789,121
1370056,147
1370058,118
1370063,162
1370260,116
1370447,154
1371737,78
1371763,123
1371870,200
1371891,126
1371892,103
1372383,128
1372388,108
1372452,64
1372453,81
1372455,99
1372612,169
1372613,115
1372721,175
1372765,168
1372766,115
1372768,154
1373377,213
1374117,109
1374252,104
1374503,166
1374628,98
1374750,109
1375157,158
1376078,147
1377687,77
1377784,73
1378008,128
1378411,162
1380001,137
1380122,97
1380693,159
1380703,130
1380710,123
1380711,62
1380714,189
1381198,153
1382376,115
1384059,258
1384736,241
1385623,130
1385636,98
1385713,130
1385714,134
1385980,122
1386111,187
1386448,178
1386505,275
1388734,197
1389999,96
1390166,98
1391240,162
1393096,77
1393314,148
1394130,292
1394970,94
1395039,161
1395822,158
1396124,114
1397086,81
1397095,125
1398375,175
1398412,154
1398493,170
1398494,146
1398605,162
1398644,88
1399170,133
1399953,119
1400023,168
1400025,200
1400245,151
1400350,77
1400951,111
1401174,124
1401326,147
1401337,172
1401355,152
1401367,121
1401371,121
1401379,96
1401388,131
1401920,81
1403001,156
1403025,133
1403396,119
1403681,226
1403712,154
1404092,101
1404870,106
1405872,345
1407178,79
1409798,88
1409814,115
1409815,105
1409823,161
1410192,279
1411482,146
1413211,114
1413272,125
1413838,115
1414433,159
1416327,92
1416427,97
1417383,103
1417702,106
1418025,167
1418211,89
1418337,142
1418774,152
1419056,143
1419271,152
1419428,137
1419429,135
1419625,140
1419871,92
1420492,84
1421088,152
1421253,119
1421277,204
1422916,123
1423204,127
1424029,137
1425489,138
1426109,100
1426445,135
1426941,111
1428332,146
1428416,170
1428418,186
1428419,110
1428422,141
1431003,88
1431063,76
1431264,124
1431429,96
1431447,115
1431450,85
1431451,116
1431869,168
1431952,110
1432351,194
1432352,101
1433472,120
1434254,110
1434413,103
1435624,83
1436695,102
1436848,98
1437205,119
1437452,161
1437526,107
1437911,115
1439312,108
1439669,93
1440189,159
1440190,132
1440193,124
1440208,220
1442760,71
1442844,181
1444702,137
1445888,113
1445909,140
1445911,102
1446165,89
1447209,64
1447408,97
1448164,100
1448267,107
1448390,100
1449148,118
1449571,123
1450460,94
1450739,119
1450740,129
1451440,95
1451522,99
1452122,84
1452160,139
1452896,128
1453201,130
1453411,138
1454119,222
1454342,49
1454344,144
1454397,83
1454754,115
1455258,98
1456233,116
1457304,92
1457403,168
1457782,89
1457986,113
1459567,148
1459570,78
1459574,125
1459805,155
1461149,126
1461298,136
1462223,128
1462418,139
1462607,124
1462616,85
1463943,135
1464411,135
1464422,172
1464466,142
1464726,135
1464831,132
1465435,158
1466169,155
1466261,90
1467536,139
1468387,90
1468628,131
1468773,202
1470899,80
1470908,120
1470918,69
1471251,122
1471799,132
1471804,106
1471810,124
1471815,138
1471816,180
1472331,121
1473395,93
1473654,96
1473655,77
1475007,172
1475214,92
1475229,101
1475527,137
1476158,68
1476160,102
1476388,106
1476399,127
1477253,93
1478283,112
1479321,106
1479519,63
1480129,158
1480851,117
1480898,344
1481214,114
1482156,133
1482790,80
1482793,93
1483595,143
1484378,113
1484887,128
1485675,137
1487994,117
1488865,137
1490379,139
1491386,163
1491962,148
1491965,157
1492121,191
1493639,71
1493640,125
1493861,163
1494069,69
1494089,75
1494673,129
1495183,100
1495185,96
1495207,78
1496255,107
1496817,120
1497116,98
1497610,82
1497739,165
1499217,134
1499519,120
1501055,146
1501791,82
1504003,77
1504760,111
1504773,116
1507537,106
1508174,83
1508251,92
1508934,89
1508935,117
1510596,143
1510680,78
1510749,97
1511344,105
1511587,113
1512321,117
1512456,72
1513357,76
1515243,134
1515689,95
1516249,109
1516250,123
1518063,103
1518488,103
1518987,115
1519626,91
1519910,116
1521891,134
1522268,154
1524105,157
1525147,120
1525184,146
1525276,94
1525565,80
1525812,157
1525894,105
1526132,73
1526380,153
1526882,124
1527004,140
1528819,80
1529068,130
1529253,108
1529266,119
1529272,109
1529274,61
1530613,88
1530929,117
1531177,146
1531793,111
1533018,393
1533385,77
1534852,230
1537762,106
1539178,90
1539180,85
1539206,140
1541196,90
1541268,101
1542812,151
1543350,85
1543703,90
1543931,108
1544316,138
1545086,115
1547488,172
1548099,105
1549184,101
1549625,141
1550028,124
1550820,84
1551379,173
1551780,152
1552045,91
1552287,95
1552959,94
1554165,81
1554364,116
1554365,101
1554965,92
1555113,115
1555444,123
1557499,117
1557514,106
1558792,308
1558829,92
1559215,161
1559481,121
1560013,110
1561230,120
1561863,97
1561880,88
1562266,102
1563030,66
1563115,149
1563306,107
1563450,71
1563620,85
1563634,79
1564211,241
1564598,103
1564600,177
1564754,88
1564778,138
1564779,121
1564788,122
1564806,154
1565057,140
1565435,279
1565454,228
1565610,86
1565855,108
1566794,136
1567222,90
1567257,138
1567260,131
1567940,100
1568253,119
1569214,68
1569216,115
1571289,132
1572010,129
1572238,121
1572552,107
1572775,117
1573876,128
1574552,149
1574612,73
1575295,72
1575309,160
1577454,179
1577514,108
1577611,118
1577805,81
1579696,99
1579895,93
1580040,79
1580043,69
1580129,156
1580429,77
1581795,104
1581796,121
1582169,70
1582254,64
1583742,67
1586856,113
1586900,123
1587346,82
1587683,114
1588025,86
1588800,91
1589593,185
1589601,116
1589646,173
1589650,126
1590484,99
1590905,96
1591132,130
1591662,164
1591772,113
1592008,108
1592312,119
1592382,99
1594253,116
1594563,148
1596560,123
1596642,120
1596653,103
1598216,84
1598320,80
1598448,119
1599039,130
1599092,100
1600200,118
1600772,116
1600794,68
1600799,79
1600803,58
1600978,98
1601354,139
1601501,89
1601503,62
1602015,89
1602023,163
1602066,115
1602070,142
1602071,106
1602644,95
1602656,117
1603052,122
1603147,80
1603926,116
1604149,258
1604574,99
1604822,114
1605612,127
1605619,113
1606220,115
1608403,106
1608728,137
1608730,83
1609140,77
1609142,109
1609473,94
1610058,86
1610093,157
1611449,108
1612974,84
1612990,123
1615147,222
1615320,100
1615869,108
1616882,173
1617473,126
1617564,101
1618183,104
1618258,105
1619164,105
1619789,118
1619831,158
1620029,113
1620150,69
1620156,141
1623348,90
1623798,107
1623815,145
1624388,287
1625553,97
1625560,88
1625562,79
1625623,128
1626117,108
1627076,115
1627280,99
1628122,118
1628473,354
1629457,103
1630115,156
1630708,123
1631109,99
1633943,64
1635401,111
1635505,90
1637170,81
1637193,142
1637317,95
1637331,142
1637334,144
1637340,101
1637510,63
1637681,103
1638598,91
1638599,88
1639284,115
1639789,104
1639913,84
1640650,79
1640663,68
1640984,120
1641223,124
1641224,84
1641228,155
1641239,102
1641243,100
1641839,84
1642030,163
1642312,107
1643335,101
1643370,107
1643574,148
1643894,70
1644850,152
1644929,87
1645057,153
1645716,250
1646411,329
1648267,85
1648419,149
1649526,144
1652450,74
1652462,109
1652471,101
1652473,104
1652474,89
1652475,125
1652476,102
1652479,113
1652481,141
1653379,215
1654667,96
1657314,132
1657336,102
1657385,181
1657400,82
1657909,146
1658758,119
1658915,76
1659522,109
1659659,147
1659660,115
1659698,114
1660047,105
1660740,152
1660767,105
1661649,87
1662009,98
1663975,97
1664014,125
1664016,107
1664366,164
1665290,112
1665292,101
1665783,52
1667907,116
1668073,99
1669026,132
1669915,76
1671189,102
1671717,156
1671922,66
1673713,85
1676053,79
1676072,85
1676293,156
1676642,107
1678057,86
1678058,86
1678603,110
1679459,123
1680090,92
1680091,87
1680092,131
1680191,87
1680485,118
1681583,108
1681654,66
1681873,74
1681874,153
1682164,86
1682165,81
1682171,94
1682179,90
1682180,95
1682208,107
1682251,114
1682737,142
1683043,110
1683215,123
1684547,89
1685968,92
1686198,106
1686213,116
1686814,111
1686839,220
1687006,84
1688077,172
1689188,194
1689404,48
1689549,87
1690001,107
1692028,111
1692951,123
1694156,108
1694157,141
1694166,96
1696619,170
1696808,166
1698142,135
1698647,77
1699277,122
1699677,122
1700032,103
1700439,102
1701008,137
1701791,105
1701820,95
1702043,141
1703713,89
1703867,50
1704137,135
1704764,139
1706051,137
1706077,109
1706082,93
1707480,110
1710605,69
1710772,117
1711150,116
1713273,67
1713716,95
1713723,86
1714141,84
1714474,102
1715051,87
1717211,112
1717781,97
1718591,80
1718594,105
1718604,132
1718724,77
1719184,84
1719858,99
1720474,89
1722771,111
1723194,113
1723541,93
1724347,62
1724349,61
1724734,122
1724737,137
1724912,156
1724959,119
1724974,112
1724980,104
1724985,80
1725002,107
1725643,125
1725906,211
1727138,81
1727373,81
1727408,82
1727847,100
1727986,81
1729050,79
1729051,135
1730477,93
1731583,64
1732575,141
1736720,105
1737364,106
1737367,79
1737383,121
1737386,91
1737388,72
1738090,129
1739562,69
1741984,82
1742657,71
1743482,107
1743794,140
1744139,80
1744935,119
1744937,91
1745221,54
1745492,100
1745945,144
1746178,154
1747409,102
1748081,133
1748949,116
1749743,99
1749952,125
1750297,169
1750816,89
1751170,100
1752225,87
1752630,99
1753574,146
1754099,161
1754721,112
1754815,362
1755358,68
1756372,116
1757013,109
1757429,81
1757792,100
1757872,109
1758012,63
1758403,76
1759890,101
1760628,205
1760968,104
1762204,96
1763078,104
1763079,69
1763138,104
1763746,147
1765318,121
1765486,125
1766668,82
1767628,135
1768279,83
1768280,56
1769736,155
1769762,115
1769771,94
1769782,110
1770815,68
1772711,217
1773216,75
1773700,157
1773800,108
1775308,91
1775660,197
1778749,82
1778995,80
1779411,149
1783029,66
1783045,109
1787859,133
1788190,70
1788398,97
1788537,95
1789500,128
1791256,130
1791761,127
1791856,173
1792215,100
1795143,47
1795600,89
1795647,98
1796263,96
1797824,124
1797899,119
1798223,154
1798549,103
1798934,83
1803009,92
1803028,71
1803880,103
1803945,177
1804792,144
1805035,116
1805233,71
1805302,110
1805325,76
1806863,84
1807237,100
1807686,103
1809351,95
1810384,80
1810397,91
1810866,238
1812550,130
1812690,54
1812693,163
1812694,97
1812695,83
1812946,113
1813580,110
1813916,111
1815542,149
1815553,113
1815665,96
1816738,83
1816739,63
1817415,114
1817428,109
1818441,134
1818462,147
1820348,105
1820526,73
1820619,81
1820625,115
1820677,104
1820681,54
1820685,71
1821057,139
1821536,106
1821537,82
1821553,105
1821593,100
1821641,106
1823680,98
1825206,134
1826187,72
1826700,198
1827259,125
1828707,80
1828829,184
1829368,77
1829928,90
1831327,97
1831340,102
1831359,101
1833856,73
1833917,115
1836501,99
1839274,134
1840048,81
1840197,90
1840201,106
1840234,87
1840280,109
1840623,55
1840684,107
1840784,235
1844295,94
1844296,77
1844309,78
1844473,107
1845431,82
1845938,118
1846539,89
1846579,84
1846580,116
1847674,101
1847675,73
1847676,84
1847684,112
1850083,116
1850490,109
1851037,104
1851699,103
1851899,69
1852178,69
1852575,109
1853207,86
1854375,114
1854640,84
1856319,91
1858905,94
1860654,79
1861574,51
1862357,75
1862358,96
1862367,115
1862637,111
1862830,85
1864829,85
1864950,192
1864992,84
1865338,95
1865649,99
1865707,70
1867040,115
1867315,85
1867333,93
1867378,125
1868033,70
1870073,119
1870102,62
1870761,99
1870772,93
1871199,97
1871217,129
1871977,72
1875635,114
1876740,58
1876741,88
1879720,63
1879721,87
1879722,61
1880689,86
1881375,102
1881772,91
1881782,86
1882478,114
1884347,71
1884876,97
1885309,88
1887449,127
1887835,61
1889721,84
1889722,77
1891073,155
1891873,75
1892719,90
1894445,82
1894839,105
1895392,110
1895761,92
1895772,248
1897808,132
1898595,163
1898916,87
1899240,77
1899716,87
1899764,84
1900022,63
1900191,91
1900585,109
1901158,83
1902504,157
1904237,99
1904274,75
1904380,75
1905753,90
1905786,113
1905787,88
1906466,47
1907755,107
1908936,104
1910093,68
1912419,67
1913041,119
1913672,47
1914030,92
1915044,91
1915054,104
1915932,66
1916799,78
1916800,130
1917744,97
1918619,56
1919026,69
1919046,72
1919292,225
1919562,59
1919564,64
1919655,46
1919970,97
1919980,52
1920135,125
1920277,87
1920302,73
1920305,110
1920308,84
1920333,77
1921025,76
1921322,157
1921540,82
1922849,91
1923170,97
1923664,125
1923755,82
1925291,89
1928468,90
1929704,92
1930369,105
1930950,177
1934299,79
1934503,99
1935605,72
1935641,93
1935653,72
1935656,116
1935667,104
1937022,99
1938449,51
1943219,160
1944640,80
1944642,73
1944643,59
1945319,62
1947105,72
1947711,95
1948253,79
1948553,95
1950072,77
1950073,60
1950675,84
1952079,91
1952619,110
1953113,102
1953197,1891
1953202,85
1953204,74
1953890,115
1953895,69
1955232,92
1955684,134
1956032,89
1956884,171
1957273,60
1957299,98
1959195,106
1959559,191
1959568,80
1960753,131
1960790,89
1960791,138
1960793,106
1964624,119
1964763,83
1965144,82
1965275,66
1966481,103
1967709,108
1969947,85
1970519,101
1970523,87
1970729,98
1971470,136
1971973,110
1973356,96
1973770,117
1974103,78
1974152,83
1974156,91
1974957,106
1974971,89
1975318,108
1975802,47
1975926,70
1975964,93
1977608,65
1979146,95
1979185,96
1979631,81
1979852,85
1979853,108
1979926,44
1979929,91
1979937,82
1980182,82
1980183,51
1980836,97
1980948,93
1982818,162
1985930,64
1988225,143
1988292,88
1989271,39
1990683,82
1992110,80
1992145,75
1992146,87
1995640,119
1996028,98
1996779,70
1997717,91
1997793,100
1998503,92
1998515,92
1998907,105
1999377,56
1999681,69
2000614,64
2002466,58
2002985,97
2002986,72
2002987,76
2003736,90
2004075,92
2006096,111
2006686,63
2008302,84
2008981,80
2009002,57
2010835,76
2011468,83
2011471,63
2011476,97
2011478,74
2011479,85
2012354,105
2012532,71
2014858,76
2015192,102
2015398,129
2016699,90
2017003,78
2018244,87
2018249,120
2018422,111
2019279,137
2019333,64
2020384,93
2020490,70
2021324,63
2023521,102
2024146,75
2025064,93
2026251,102
2027866,87
2028725,99
2028989,81
2029308,85
2030360,72
2031902,87
2032305,97
2032323,97
2032493,100
2032626,83
2032851,99
2034461,129
2034750,121
2034814,67
2034816,110
2034817,109
2034836,99
2034844,90
2034866,92
2034884,63
2034887,100
2034958,56
2036745,106
2038071,84
2038108,98
2038116,70
2038119,151
2038871,102
2038896,69
2039524,58
2040499,78
2045304,82
2049381,77
2050163,92
2051577,52
2051586,62
2051714,76
2051715,79
2051716,68
2051719,85
2051728,81
2054750,78
2055197,99
2055279,115
2058404,104
2059222,109
2059440,92
2059638,112
2061050,91
2063247,101
2063803,52
2064250,124
2064946,55
2065172,114
2066113,123
2066456,83
2066724,119
2068080,128
2068245,65
2068841,100
2069495,78
2069539,95
2069562,60
2070296,113
2070307,100
2071582,101
2071583,78
2071584,78
2072312,86
2072313,66
2072325,66
2073041,97
2073260,97
2074573,60
2074646,93
2074815,83
2076078,73
2077534,110
2078632,102
2078826,53
2080514,92
2080565,74
2081773,83
2083184,96
2085784,87
2086544,112
2086703,95
2087709,155
2087772,71
2087773,87
2090648,85
2090949,62
2091487,72
2091489,57
2091653,94
2092922,64
2093069,54
2094018,79
2094024,79
2095027,84
2096220,57
2096221,42
2096225,48
2096346,81
2096693,66
2096740,58
2097098,101
2097104,79
2097110,96
2097175,75
2097181,78
2100550,95
2100607,100
2100611,59
2100888,74
2101402,75
2101408,59
2101625,74
2101837,127
2102529,128
2102781,90
2103088,102
2104046,136
2104047,157
2106182,111
2106498,129
2108214,69
2108247,109
2108995,87
2109130,58
2109621,82
2109934,102
2114437,68
2115279,81
2115314,75
2115322,92
2115343,70
2118576,97
2119144,68
2119758,93
2122718,104
2123225,94
2124688,67
2125794,79
2125799,291
2128282,100
2131441,123
2131449,78
2132365,51
2132863,74
2133049,101
2134849,95
2135919,79
2135920,91
2136556,69
2138023,78
2138340,43
2138553,71
2140609,89
2140844,96
2141322,102
2144876,72
2146278,66
2146981,104
2147517,92
2148366,53
2149977,186
2150235,81
2152426,164
2153864,61
2155133,109
2156911,82
2157174,91
2157175,107
2157180,97
2157195,80
2157538,79
2158316,71
2159448,45
2160594,98
2161034,68
2161086,97
2162520,120
2162613,253
2162766,47
2162778,56
2162782,83
2162913,64
2163687,72
2163710,74
2163747,86
2163772,133
2163782,100
2164493,89
2164531,85
2165441,90
2166433,99
2167280,67
2167478,83
2167526,118
2167528,99
2168217,52
2169217,78
2169600,61
2171239,99
2171368,56
2171777,59
2173866,107
2174946,43
2175757,70
2176986,92
2178029,91
2178077,109
2183273,103
2183276,96
2183277,74
2183297,64
2184184,72
2184511,126
2186851,75
2186929,79
2187068,89
2187069,77
2187476,100
2188749,229
2191712,95
2192013,64
2192603,75
2193377,72
2194193,154
2196227,109
2196582,63
2196605,160
2197296,92
2200093,74
2202417,92
2203075,88
2203430,72
2204151,100
2204156,102
2204194,111
2204215,60
2204216,105
2205786,88
2206463,84
2207323,62
2207330,81
2207333,100
2207334,66
2208626,55
2208627,63
2208636,46
2211844,69
2212104,89
2214411,97
2214499,142
2214807,110
2215498,65
2215768,108
2216105,72
2217023,81
2217328,48
2219809,71
2220752,56
2222477,48
2224175,106
2224599,59
2224612,66
2224782,56
2227345,76
2228213,83
2228219,84
2228223,63
2229008,82
2229010,80
2231773,86
2232217,95
2232319,102
2232506,72
2232812,45
2234109,47
2234112,55
2234114,79
2234260,38
2234266,68
2234602,110
2235088,74
2235094,63
2235146,124
2236773,86
2237153,127
2237154,51
2238906,175
2238910,81
2238911,80
2238983,62
2239072,129
2239270,83
2239352,40
2239805,80
2239807,55
2240195,61
2241197,68
2243986,87
2245307,56
2247471,73
2248277,51
2248278,75
2248873,64
2249116,129
2249363,62
2249878,93
2252884,103
2254578,93
2255405,186
2255420,86
2255425,89
2255453,47
2255459,91
2255466,93
2255467,100
2255473,134
2256564,148
2259043,76
2260166,84
2261094,72
2264667,60
2264826,50
2267934,71
2267943,96
2269070,66
2270008,70
2270140,87
2274710,92
2275266,68
2275689,59
2276152,78
2276921,84
2276941,67
2276988,81
2278770,62
2279339,80
2280494,109
2281686,61
2281687,99
2283218,76
2283371,89
2283388,96
2286072,96
2287126,73
2287726,140
2288897,55
2289036,86
2292453,66
2294583,49
2297215,82
2297223,77
2298866,58
2298867,53
2299336,57
2300475,91
2301025,84
2301100,92
2301300,67
2302188,57
2302504,55
2302505,73
2302506,67
2302881,126
2303040,204
2303169,62
2303826,85
2303829,93
2305062,60
2306795,68
2306955,62
2307166,84
2307167,83
2308097,80
2308929,46
2309972,91
2309988,81
2309993,84
2310011,75
2310031,74
2310046,73
2310092,125
2311368,67
2312431,77
2314134,38
2314653,83
2314910,75
2315800,71
2316612,118
2316971,75
2319084,61
2319197,112
2319830,58
2323438,75
2324316,289
2329680,54
2330336,44
2330637,63
2331795,42
2331989,71
2332002,68
2332050,49
2335897,59
2336271,136
2339706,68
2340808,61
2342241,58
2343972,78
2343990,85
2344397,100
2345500,103
2346622,63
2346681,101
2348329,92
2352010,120
2352989,72
2353499,74
2354920,106
2355599,70
2355717,118
2357423,84
2357425,97
2357536,84
2357540,45
2357541,72
2358135,78
2358576,54
2358578,46
2358718,66
2359280,60
2361636,71
2366125,99
2366633,81
2366639,112
2366954,96
2367726,74
2368452,66
2369237,57
2370412,75
2370600,83
2370670,39
2370754,39
2373144,60
2373833,63
2374626,75
2374853,70
2375797,59
2376542,107
2376598,84
2376660,62
2378299,55
2378311,93
2378335,36
2379406,59
2379935,62
2380695,86
2380942,141
2381708,67
2381825,84
2382132,91
2382134,113
2382143,63
2382638,113
2383052,81
2383581,135
2383584,127
2386258,102
2386259,61
2386856,90
2387398,56
2387447,62
2388752,42
2388940,43
2389562,88
2390041,66
2390058,79
2390059,85
2390065,50
2390083,68
2391078,67
2391119,84
2392407,44
2394050,253
2394532,62
2394732,85
2395161,56
2395600,51
2395609,44
2396013,64
2402582,66
2404881,74
2408934,51
2409848,83
2413118,57
2413120,58
2413137,55
2418002,68
2421360,92
2422409,57
2422435,72
2422438,74
2422446,116
2423034,57
2423631,56
2424068,52
2424069,76
2424070,62
2424433,55
2428853,77
2428953,63
2429559,55
2429625,156
2429659,73
2432815,66
2433019,54
2434975,82
2435543,48
2435796,81
2437580,91
2437613,89
2438423,94
2438868,251
2439054,79
2440312,72
2440440,55
2440443,73
2441473,91
2443980,109
2444871,47
2446817,101
2448305,56
2450202,117
2452216,89
2452217,59
2452220,112
2452221,57
2452907,51
2452909,66
2452933,52
2456872,66
2458660,81
2461134,61
2461258,86
2467015,87
2467024,117
2467025,92
2467034,86
2467438,72
2467963,98
2468516,68
2468523,83
2468592,123
2469921,57
2472228,36
2472374,39
2473833,77
2475389,50
2475393,65
2475395,78
2475414,49
2475425,91
2475428,64
2475446,67
2475461,40
2475462,82
2475464,85
2475480,51
2478670,56
2480229,168
2481791,102
2481940,83
2483437,73
2483679,73
2490006,127
2492451,98
2492603,39
2493807,81
2497794,94
2497925,90
2498463,161
2499681,63
2500340,114
2500351,72
2500353,55
2500374,69
2500376,50
2500386,103
2504682,76
2505201,42
